{
  "name": "musicnftcontract",
  "version": "1.0.0",
  "devDependencies": {
    "@nomicfoundation/hardhat-chai-matchers": "^2.0.0",
    "@nomicfoundation/hardhat-ethers": "^3.0.0",
    "@nomicfoundation/hardhat-ignition": "^0.15.13",
    "@nomicfoundation/hardhat-ignition-ethers": "^0.15.0",
    "@nomicfoundation/hardhat-network-helpers": "^1.0.0",
    "@nomicfoundation/hardhat-toolbox": "^5.0.0",
    "@nomicfoundation/hardhat-verify": "^2.0.11",
    "@nomicfoundation/ignition-core": "^0.15.13",
    "@openzeppelin/contracts": "^4.7.0",
    "@typechain/ethers-v6": "^0.5.0",
    "@typechain/hardhat": "^9.0.0",
    "@types/chai": "^4.2.0",
    "@types/mocha": "^10.0.0",
    "chai": "^4.2.0",
    "compile": "^0.0.2",
    "dotenv": "^16.4.5",
    "ethers": "^6.4.0",
    "hardhat": "^2.26.0",
    "hardhat-abi-exporter": "^2.10.1",
    "hardhat-contract-sizer": "^2.10.0",
    "hardhat-gas-reporter": "^1.0.8",
    "solidity-coverage": "^0.8.1",
    "ts-node": "^10.9.1",
    "typechain": "^8.3.0",
    "typescript": "^5.0.0"
  }
}
